Name,Final Price
KTL,55.70
SANWARIA,-
ARVEE,176.00
GEPIL,364.00
KORE,440.00
ZENITHEXPO,204.00
INDSWFTLTD,20.85
SURYODAY,179.00
ARCHIDPLY,103.85
AGROPHOS,53.05
WEALTH,750.00
SETUINFRA,0.80
SCILAL,49.00
ENERGYDEV,28.35
PALASHSECU,134.70
HITECHCORP,228.00
FCONSUMER,0.95
KEC,768.00
DPWIRES,548.00
GLOBAL,269.00
CLOUD,51.45
SRM,237.30
ANKITMETAL,4.20
HMT,52.50
JYOTISTRUC,25.20
RUCHINFRA,14.70
IZMO,312.90
GENSOL,995.65
SWELECTES,"1,159.95"
MAGNUM,53.60
DHANBANK,49.40
INDOSTAR,231.25
HIRECT,678.00
WELINV,855.70
CUPID,123.00
SURANI,520.55
PRITI,187.20
DEVIT,122.00
PLAZACABLE,98.95
SKMEGGPROD,262.20
CALSOFT,16.85
3PLAND,32.65
ARHAM,212.85
ABINFRA,72.75
RSSOFTWARE,228.80
BLUEPEBBLE,219.35
BGRENERGY,42.20
ASPIRE,62.25
SIMPLEXINF,124.55
TCL,167.85
TARC,166.80
SETCO,7.40
SAKHTISUG,37.00
BRNL,67.70
SERVOTECH,94.20
ENSER,72.00
VISASTEEL,23.30
ASTRON,23.30
ARSSINFRA,21.20
ROLTA,5.30
SURANASOL,44.55
VASWANI,38.20
GRAPHISAD,53.10
AGSTRA,81.80
ORTINLAB,21.25
VHLTD,43.60
ARENTERP,44.75
NIRAJ,44.75
AISL,85.25
SUMIT,62.90
WEL,825.00
CORALFINAC,44.85
LASA,26.70
GVKPIL,11.75
KEYFINSERV,172.00
63MOONS,463.30
HCL-INSYS,20.40
FCSSOFT,4.30
KANANIIND,4.30
NAGAFERT,10.75
RPOWER,33.35
MANAKCOAT,36.60
MKPL,11.85
DHTL,223.00
AKSHOPTFBR,9.70
ESSARSHPNG,24.80
KSHITIJPOL,5.40
INDOWIND,23.80
LYPSAGEMS,6.50
JHS,19.50
MOKSH,20.60
SHIVAMAUTO,43.40
JPPOWER,18.45
BRIGHT,9.80
BAFNAPH,92.70
NILASPACES,7.70
LCCINFOTEC,2.20
MELSTAR,5.50
ANSALAPI,11.00
GATECHDVR,3.30
SURANAT&P,17.75
MADHUCON,11.15
BURNPUR,6.70
VERANDA,207.75
NOIDATOLL,8.95
SYNCOMF,13.45
UNITECH,13.45
SANGINITA,23.55
GTL,11.25
SVPGLOB,6.75
RAJMET,12.40
NILAINFRA,12.40
BANKA,112.90
GOYALALUM,10.20
RKDL,24.00
MUKTAARTS,80.00
MORARJEE,20.60
KAVVERITEL,13.75
MTEDUCARE,3.45
SUPERSPIN,8.05
VCL,1.15
SPTL,1.15
PRAKASHSTL,9.20
DPSCLTD,18.50
INNOVATIVE,6.95
TVVISION,5.80
RVHL,45.50
PILITA,14.00
LIBAS,21.20
LGBFORGE,10.65
CUBEXTUB,106.50
GMRP&UI,50.90
GREENPOWER,22.50
KHAITANLTD,69.90
MOTOGENFIN,36.80
SBCL,598.45
GKWLIMITED,"1,700.00"
TATAINVEST,"7,544.00"
URJA,22.70
ASHOKAMET,21.60
HDIL,4.80
SAMBHAAV,6.00
ABAN,60.00
ACL,93.80
MICEL,47.00
PRAENG,29.00
EIMCOELECO,"1,848.00"
SABEVENTS,6.05
MANAKSTEEL,67.80
AKASH,37.70
BIRLAMONEY,115.80
CCHHL,15.85
FRETAIL,2.45
TFL,12.25
IEL,12.25
IREDA,163.85
KRISHNADEF,446.00
INOXGREEN,142.00
KILITCH,398.90
HAVISHA,2.50
CEREBRAINT,7.50
HMAAGRO,61.50
RBZJEWEL,166.00
AARVEEDEN,27.85
EDUCOMP,3.80
GANGESSECU,134.40
MALUPAPER,43.20
SECURKLOUD,44.50
PIONEEREMB,43.40
LAGNAM,131.60
TIRUPATIFL,19.20
IMPEXFERRO,3.85
DBSTOCKBRO,44.95
VISAKAIND,121.70
ANMOL,50.95
OSIAHYPER,32.75
NITCO,67.20
SUPREMEPWR,149.40
AKSHAR,2.65
SRGHFL,284.00
TARMAT,107.00
GATECH,1.35
AMBICAAGAR,28.50
AKG,21.80
SBC,23.20
UMESLTD,5.50
ORIENTLTD,90.80
RAMANEWS,17.95
TGBHOTELS,16.80
GOLDENTOBC,45.00
HLVLTD,32.40
NEXTMEDIA,7.05
BYKE,64.90
INDOTECH,"1,150.00"
MBLINFRA,56.45
JAYNECOIND,56.95
TIPSFILMS,710.00
CHEMFAB,735.00
SICALLOG,211.50
MSPL,30.70
DOLPHIN,304.90
AAATECH,91.75
JAIPURKURT,54.40
SANDUMA,406.00
OSWALGREEN,35.00
SHYAMCENT,19.90
IDEA,14.00
ADROITINFO,17.15
JISLDVREQS,35.90
NDRAUTO,882.40
HINDCON,55.00
ESCONET,199.00
MCLEODRUSS,28.50
MEGATHERM,313.95
MARSHALL,28.55
CENTEXT,22.50
CONSOFINVT,257.85
RTNPOWER,9.80
ATLANTAA,24.60
COFORGE,"5,840.00"
RELCHEMQ,238.00
FIDEL,111.00
ZENITHSTL,8.30
BHAGYANGR,104.70
JINDALPHOT,636.95
DUCON,8.40
HINDCOPPER,321.00
RAJTV,67.25
USK,57.40
SPMLINFRA,138.50
HECPROJECT,79.85
PARACABLES,79.90
ROLLT,1.70
KPIGREEN,"1,718.95"
WSI,157.50
MCL,38.00
TREJHARA,169.70
MITTAL,1.75
ZEEMEDIA,12.35
KAMATHOTEL,297.50
GPTINFRA,189.95
RCOM,1.80
GTLINFRA,1.80
NARMADA,23.50
MANGALAM,103.40
AAVAS,"1,435.00"
VINEETLAB,56.90
S&SPOWER,250.00
SCPL,451.90
SUULD,7.50
SEPC,18.75
IRISDOREME,78.95
KAKATCEM,221.95
COUNCODOS,5.65
ZENTEC,"1,039.95"
LORDSCHLO,130.00
NETWEB,"1,707.30"
KBCGLOBAL,1.90
NECLIFE,36.20
LAXMICOT,30.55
OSWALSEEDS,30.60
NITIRAJ,182.00
OMINFRAL,149.50
APOLSINHOT,"1,868.95"
OWAIS,541.00
AKSHARCHEM,287.95
ORIENTALTL,9.75
AIRAN,27.35
HINDCOMPOS,428.95
PRINCEPIPE,623.00
PFS,43.35
SCHNEIDER,820.00
SALASAR,23.70
HINDMOTORS,19.80
PNC,61.45
TAKE,23.80
JGCHEM,234.75
NDL,37.95
TOTAL,107.95
SAKSOFT,290.60
RILINFRA,42.15
RBLBANK,259.00
SKYGOLD,"1,081.95"
SANGHIIND,99.50
LANCORHOL,51.00
GOKUL,40.95
PLATIND,211.00
FLFL,2.05
PPAP,205.90
ENFUSE,101.00
AUBANK,620.00
SHIVAMILLS,89.50
SIL,22.95
IVC,10.45
WEBELSOLAR,522.00
SGL,16.80
VEDL,306.05
KERNEX,619.00
COMPUSOFT,27.90
EPACK,182.70
DREDGECORP,759.90
LATTEYS,15.20
BHANDARI,8.70
INDRAMEDCO,202.50
TREEHOUSE,24.00
SUVIDHAA,6.55
FMNL,6.55
MMTC,78.65
ARCHIES,33.00
HINDALCO,590.00
SIGIND,73.00
VLEGOV,59.95
SURAJEST,317.80
SUZLON,44.50
L&TFH,174.05
MAHASTEEL,105.00
BAIDFIN,22.45
SAHYADRI,385.00
MONARCH,594.40
DMART,"4,562.00"
BEDMUTHA,217.80
EDELWEISS,75.00
GLS,814.90
METROBRAND,"1,120.00"
RPPL,88.00
PARSVNATH,16.25
KOTHARIPRO,130.00
AGRITECH,229.95
MMP,284.00
LPDC,9.35
GRWRHITECH,"1,828.00"
INOXWIND,550.00
SEQUENT,134.05
AGI,787.90
AAREYDRUGS,50.10
GET&D,945.25
PGIL,625.00
GUJALKALI,752.60
MEGASOFT,92.00
WEIZMANIND,118.65
SIMBHALS,29.10
UNIINFO,39.05
INVENTURE,2.45
HCC,36.80
NECCLTD,27.25
EMAMIREAL,114.00
TEXMOPIPES,87.70
SAH,97.90
DAMODARIND,47.85
ALLETEC,276.00
JMA,106.50
NATIONALUM,178.25
GANGAFORGE,10.20
ADANIPOWER,630.15
KAMOPAINTS,197.50
SMLT,228.30
BRIGADE,962.15
ASHIMASYN,20.65
PONNIERODE,432.20
HINDZINC,334.80
SGIL,364.00
NETWORK18,94.20
SARVESHWAR,10.50
RAINBOW,"1,360.00"
DELPHIFX,240.00
IFGLEXPOR,619.95
MADHAV,44.95
DCM,79.50
BHAGCHEM,"1,683.95"
GANESHHOUC,827.70
VITAL,79.90
MAITHANALL,"1,095.00"
TERASOFT,53.60
VSTL,329.70
TIDEWATER,"1,639.65"
BINANIIND,16.20
OMFURN,76.65
GALLANTT,208.30
RAJRILTD,21.95
IFCI,46.65
VARDHACRLC,57.90
KAMDHENU,579.00
APS,231.00
AAKASH,11.30
BCG,16.95
SIGMA,449.95
RITES,719.50
FLEXITUFF,-
CREST,413.85
GVPTECH,11.40
MOTISONS,171.00
GREENLAM,585.00
MFSL,"1,024.95"
NOVAAGRI,57.50
ASTRAL,"2,094.00"
UJJIVANSFB,52.00
KMSUGAR,31.95
AHL,307.90
AMIORG,"1,179.80"
TVSELECT,313.90
CINEVISTA,20.40
PVP,37.90
TRACXN,105.00
MUFTI,201.40
ISGEC,983.60
ATMASTCO,161.70
INDBANK,50.00
SANOFI,"8,791.10"
RPPINFRA,119.10
AROGRANITE,50.70
MANAKALUCO,29.90
ASIANENE,284.35
POONAWALLA,503.00
UNITEDPOLY,101.80
MUNJALAU,87.45
V2RETAIL,489.90
AETHER,839.00
UMANGDAIRY,88.00
CRAFTSMAN,"4,488.00"
ADSL,158.00
PCJEWELLER,60.80
DANGEE,9.15
VAKRANGEE,24.40
KNRCON,263.50
BSOFT,789.90
ONEPOINT,55.45
KPIL,"1,130.00"
SUNDARAM,3.10
ALKYLAMINE,"1,980.00"
LLOYDSENGG,55.95
APOLLO,112.00
ONMOBILE,78.00
PILANIINVS,"3,580.00"
HSCL,342.40
HLEGLAS,470.00
RADIOCITY,18.95
ELGIRUBCO,56.95
NUCLEUS,"1,363.00"
IIFL,357.25
SUNDARMHLD,213.90
BLISSGVS,120.00
BLSE,332.00
AURUM,149.90
KICL,"4,045.00"
CHOICEIN,295.00
BAJAJCON,236.70
CENTURYPLY,655.00
PATINTLOG,23.10
GULFOILLUB,"1,112.90"
NRAIL,489.00
AEROFLEX,142.20
SAGCEM,228.40
INDIANB,536.90
GANDHAR,229.00
SIKKO,79.70
ESAFSFB,59.95
THERMAX,"4,500.00"
RADIANTCMS,83.75
GOCLCORP,492.50
PYRAMID,171.20
NLCINDIA,235.00
RUCHIRA,124.30
PASUPTAC,40.40
MANORG,343.60
DIGISPICE,27.00
SHAILY,557.15
SELAN,486.30
ELGIEQUIP,597.85
HARIOMPIPE,517.05
NEOGEN,"1,270.80"
DOMS,"1,653.00"
NELCAST,145.50
TATAELXSI,"8,117.85"
AKZOINDIA,"2,484.45"
INDOBORAX,176.05
SONACOMS,680.55
DPABHUSHAN,904.75
DYCL,406.65
PEARLPOLY,33.90
UDS,332.25
ROHLTD,427.45
PRIMESECU,183.20
AJMERA,764.05
SUNFLAG,207.60
MUFIN,142.95
CYBERTECH,160.20
GENUSPAPER,20.60
SHARDAMOTR,"1,452.00"
IOLCP,392.70
DAVANGERE,82.70
EXICOM,206.80
NPST,"1,244.00"
JETFREIGHT,13.85
HDFCBANK,"1,504.00"
JYOTICNC,778.00
ASTERDM,424.00
FEDERALBNK,156.75
NIPPOBATRY,620.80
GAEL,171.05
SATIN,245.00
DIAMINESQ,525.50
VBL,"1,496.00"
IRMENERGY,501.05
KECL,123.40
NSIL,"3,544.00"
SUPRIYA,385.00
KRITINUT,102.45
HARDWYN,35.50
ARSHIYA,7.15
POCL,681.00
MAANALU,154.50
HAPPSTMNDS,830.00
SOMANYCERA,622.00
PNB,137.05
NIACL,242.50
IGPL,475.00
JBMA,"1,814.65"
MAHEPC,130.80
AZAD,"1,337.00"
TASTYBITE,"12,289.95"
IEX,145.85
PIXTRANS,"1,391.00"
MAHLIFE,620.80
AVPINFRA,76.70
CSBBANK,380.00
PERSISTENT,"4,028.00"
HONDAPOWER,"2,345.00"
ANDHRSUGAR,110.00
JAYBARMARU,124.70
FIVESTAR,752.80
TPLPLASTEH,70.20
AURIONPRO,"2,343.15"
ABB,"6,593.00"
SILINV,509.90
GHCL,498.00
ACLGATI,104.90
EIHAHOTELS,784.45
GENUSPOWER,259.00
IDFC,116.45
INDOAMIN,146.80
GABRIEL,369.85
TRIDENT,41.70
MINDTECK,216.45
BALAMINES,"2,151.85"
BPL,102.85
AMJLAND,38.20
SADHAV,184.00
STEELXIND,15.35
GODREJAGRO,538.60
KHADIM,333.00
BANKINDIA,147.20
DRCSYSTEMS,19.45
INTLCONV,89.55
LEXUS,39.00
JAICORPLTD,316.35
RPSGVENT,700.00
VIPULLTD,31.30
WINDMACHIN,82.20
SARLAPOLY,58.80
NCLIND,215.65
20MICRONS,156.95
AVG,620.00
BLUESTARCO,"1,365.60"
QUESS,565.00
SHREDIGCEM,106.70
MGEL,19.80
CANBK,614.70
SHIVALIK,587.00
CHOLAFIN,"1,210.00"
MEDICO,47.90
PVSL,271.95
NMDC,220.45
MANAPPURAM,196.50
JPASSOCIAT,20.10
KALYANKJIL,434.25
NURECA,294.35
LTTS,"5,828.95"
SBGLP,925.00
GLAND,"1,810.00"
SATINDLTD,105.40
THOMASCOOK,174.35
GREENPANEL,332.60
PATANJALI,"1,422.00"
JAIBALAJI,950.00
KIMS,"2,075.00"
ISEC,728.00
NAVA,519.80
DOLATALGO,77.80
ZOMATO,180.50
DCMNVL,217.45
BHAGERIA,168.50
METROPOLIS,"1,746.00"
IDEAFORGE,740.00
THANGAMAYL,"1,327.05"
BALMLAWRIE,252.50
TRIGYN,109.30
ONGC,278.65
SINDHUTRAD,29.60
TARSONS,444.35
REMSONSIND,983.00
HERANBA,326.85
HIL,"2,789.40"
AMDIND,67.95
ARROWGREEN,408.00
NAGREEKEXP,34.00
POKARNA,468.35
TATACONSUM,"1,132.80"
SIYSIL,481.30
SUNCLAY,"1,490.00"
ONWARDTEC,482.95
TREL,51.30
SPARC,398.00
BLUEJET,389.90
APOLLOPIPE,690.00
SANDESH,"1,297.00"
PRSMJOHNSN,184.90
HEUBACHIND,465.00
AARTIPHARM,457.20
NRL,99.40
IRFC,147.00
INGERRAND,"3,797.95"
GSS,142.90
ARIES,282.00
KALYANIFRG,434.00
MVGJL,264.75
INDUSTOWER,304.05
DIL,8.70
TATASTEEL,165.55
AHLUCONT,"1,094.50"
RBL,757.40
AGARIND,861.75
IONEXCHANG,536.50
IWEL,"6,000.00"
ADANIGREEN,"1,900.50"
VIMTALABS,485.90
RENUKA,44.20
SUNTV,628.00
ADVANIHOTR,88.50
DENORA,"1,719.20"
VSTTILLERS,"3,333.95"
CDSL,"1,897.70"
WANBURY,165.00
STARHEALTH,566.40
IGARASHI,459.75
AARON,268.00
VIRINCHI,35.75
HPL,344.15
SHYAMMETL,619.40
ACE,"1,588.90"
RATNAMANI,"2,962.70"
PRAKASH,180.80
PIGL,67.90
LYKALABS,117.90
GMBREW,790.60
REPCOHOME,458.00
AEGISCHEM,437.95
ATALREAL,13.85
MAGADSUGAR,582.00
SBICARD,702.80
FIBERWEB,37.00
MTNL,37.00
MTARTECH,"1,906.00"
MADRASFERT,93.05
IDBI,88.80
JAYSREETEA,103.00
MURUDCERA,51.65
HOMEFIRST,940.00
FORTIS,428.20
VINYLINDIA,409.90
MAHLOG,439.00
NTPC,355.00
HERITGFOOD,341.90
KANPRPLA,99.85
SUBEXLTD,33.30
TCIEXP,"1,111.00"
PROZONER,33.40
GENCON,43.00
AFFLE,"1,118.80"
MOTILALOFS,"1,844.40"
RUSHIL,326.70
UNIONBANK,159.15
JMFINANCIL,82.00
DISHTV,19.30
SANGHVIMOV,"1,380.00"
BAJAJHIND,33.85
GANESHBE,184.00
OAL,334.60
PRECWIRE,136.00
GULFPETRO,68.00
AXITA,24.30
MUKKA,39.00
MOREPENLAB,48.85
ASPINWALL,269.00
ZUARI,200.55
TV18BRDCST,49.10
PDMJEPAPER,68.95
ATGL,985.90
ORICONENT,39.45
ALOKINDS,29.60
GFLLIMITED,79.10
5PAISA,598.35
AMBER,"3,818.65"
NBCC,128.95
HGS,825.00
CENTENKA,447.70
DYNAMATECH,"8,240.40"
GOKULAGRO,114.50
ZAGGLE,289.00
RPTECH,338.90
CARYSIL,"1,021.95"
SAIL,149.70
MANORAMA,454.85
COALINDIA,450.00
GICRE,345.05
KITEX,205.05
CSLFINANCE,460.35
HBLPOWER,495.40
ASAL,613.10
RADHIKAJWE,70.45
EMSLIMITED,453.00
MHLXMIRU,302.00
GOACARBON,962.30
CINELINE,131.00
GOLDTECH,131.00
ELECON,987.55
ATULAUTO,514.80
SPLPETRO,681.45
GINNIFILA,35.35
SASKEN,"1,632.15"
TMB,496.25
AVTNPL,91.20
FOSECOIND,"3,183.00"
JINDRILL,669.80
BFUTILITIE,878.95
AUTOIND,137.35
UJJIVAN,540.00
DATAMATICS,622.25
PAKKA,311.40
UGARSUGAR,81.70
MANALIPETC,71.50
SURYAROSNI,577.40
PDSL,506.55
LLOYDSME,615.00
DBOL,133.30
YESBANK,25.65
MANAKSIA,113.10
ESTER,97.70
FINPIPE,262.50
SYRMA,499.50
INDIGO,"3,525.00"
VASCONEQ,72.30
SUBROS,526.90
GEEKAYWIRE,98.50
DJML,197.25
ROSSARI,729.15
CANFINHOME,813.00
GODREJPROP,"2,425.00"
WHIRLPOOL,"1,356.00"
JUBLPHARMA,585.00
HITECHGEAR,895.00
POWERGRID,282.80
CYIENT,"2,087.00"
EXPLEOSOL,"1,317.45"
DREAMFOLKS,520.65
VALIANTORG,431.50
LANDMARK,799.95
DONEAR,105.45
STARPAPER,248.00
TCPLPACK,"2,344.50"
VTL,449.00
MUKANDLTD,169.35
NAHARPOLY,206.60
HITECH,143.20
GPPL,223.15
STYRENIX,"1,542.00"
WONDERLA,"1,063.65"
PVRINOX,"1,394.00"
UGROCAP,250.60
VINATIORGA,"1,535.00"
RANEHOLDIN,"1,129.00"
TFCILTD,182.00
BHARATFORG,"1,152.50"
SANSERA,"1,030.00"
PCBL,284.75
JAGSNPHARM,306.45
SMSPHARMA,188.30
UFO,150.85
PSB,64.80
TATACHEM,"1,102.00"
GMMPFAUDLR,"1,333.20"
ARVINDFASN,461.60
VENUSPIPES,"1,956.70"
VARROC,556.70
SENCO,808.00
STEELCITY,76.60
ITDC,690.00
FEDFINA,126.00
WELENT,318.70
SHRIPISTON,"2,065.00"
INDIACEM,225.80
KOTAKBANK,"1,747.00"
CENTRALBK,66.20
PLASTIBLEN,264.95
JINDALSAW,504.60
TVSSCS,172.00
DBREALTY,211.00
MUTHOOTFIN,"1,645.00"
EPL,189.05
INDORAMA,44.50
VISHWARAJ,16.70
BATAINDIA,"1,381.95"
JWL,401.50
BEL,223.50
DIAMONDYD,939.45
TBZ,117.50
CUB,151.10
ESABINDIA,"5,378.80"
KOTHARIPET,140.25
PUNJABCHEM,"1,016.05"
IPL,224.70
GENESYS,635.00
MAHABANK,67.50
RECLTD,478.30
CAREERP,304.35
BHINVIT,108.45
ANUP,"3,249.95"
CESC,130.20
VSSL,226.45
MANYAVAR,948.35
TATVA,"1,229.85"
CRISIL,"4,850.00"
LINCOLN,615.90
DCW,57.10
CHOLAHLDNG,"1,179.00"
SATIA,120.20
RANASUG,22.90
GESHIP,"1,031.05"
CAPACITE,270.00
ORIENTPPR,46.10
SHAREINDIA,"1,723.00"
JETAIRWAYS,52.00
KOTARISUG,57.90
DATAPATTNS,"2,762.85"
SHAKTIPUMP,"1,504.85"
JAMNAAUTO,139.80
ENDURANCE,"1,924.00"
HFCL,99.45
SOUTHBANK,29.35
DHANUKA,"1,098.00"
RELINFRA,294.30
NCC,259.20
CAPTRUST,118.00
JKPAPER,354.80
TITAGARH,971.00
ALLCARGO,77.00
JKCEMENT,"4,375.00"
STARCEMENT,231.40
PTC,201.90
JKTYRE,434.00
SPCENET,29.75
KARURVYSYA,190.50
DWARKESH,77.40
JSWSTEEL,876.30
TATAPOWER,415.70
LOYALTEX,605.00
GREAVESCOT,139.25
HMVL,109.00
WSTCSTPAPR,623.95
TATAMTRDVR,673.90
DLF,912.05
SBFC,85.15
KINGFA,"1,920.00"
BLS,348.00
VAISHALI,152.75
PENINLAND,55.00
IOB,67.35
SCI,226.85
ELECTCAST,184.00
BIRLACORPN,"1,505.00"
ADANIPORTS,"1,408.60"
XCHANGING,129.80
GOLDIAM,185.85
JYOTHYLAB,446.85
JUSTDIAL,888.00
OFSS,"8,909.95"
DALMIASUG,386.00
NFL,105.85
ARTEMISMED,186.90
FLAIR,287.40
PTL,43.75
NDTV,231.25
AJOONI,6.25
WILLAMAGOR,37.55
KELLTONTEC,106.45
IKIO,306.95
RISHABH,464.65
TIIL,"2,251.10"
LALPATHLAB,"2,309.95"
APOLLOTYRE,472.40
SFL,978.00
GODREJCP,"1,198.90"
FINCABLES,"1,023.00"
BSE,"2,884.00"
VMART,"2,215.00"
AMBUJACEM,640.00
MAWANASUG,95.05
ARVIND,297.95
APARINDS,"6,980.00"
ADANIENSOL,"1,103.45"
MARINE,101.60
DSSL,"1,063.15"
UCOBANK,57.40
BODALCHEM,83.15
IRB,64.00
KCPSUGIND,38.40
GIPCL,185.65
PNCINFRA,435.70
BCLIND,64.10
ASTRAZEN,"5,130.00"
AMBIKCO,"1,592.60"
TORNTPHARM,"2,608.95"
KOPRAN,269.95
APOLLOHOSP,"6,425.00"
MUNJALSHOW,173.90
ANANDRATHI,"3,535.00"
MSUMI,71.20
NAVINFLUOR,"3,170.00"
MIDHANI,421.55
PNBGILTS,116.80
TATATECH,"1,142.95"
NDLVENTURE,97.50
INFIBEAM,39.00
GANECOS,"1,039.15"
CHEMPLASTS,464.60
HUDCO,203.25
ELIN,150.90
BALAJITELE,85.35
ISMTLTD,98.50
LOVABLE,124.90
IDFCFIRSTB,79.00
AWL,356.40
FACT,701.00
HINDOILEXP,191.80
DALBHARAT,"2,058.00"
BANDHANBNK,191.95
ULTRACEMCO,"10,078.00"
JASH,"1,755.10"
IMAGICAA,86.30
JSWINFRA,253.00
SAREGAMA,392.90
LICHSGFIN,646.25
MANINFRA,213.50
BUTTERFLY,895.00
CELEBRITY,20.05
KSB,"3,965.00"
SWSOLAR,541.80
3MINDIA,"30,497.00"
KIOCL,455.00
KDDL,"2,452.00"
RIIL,"1,360.00"
SYMPHONY,964.95
CAMPUS,234.90
BHARATRAS,"8,821.50"
IBULHSGFIN,181.50
SARDAEN,221.95
XELPMOC,128.00
KPITTECH,"1,516.90"
COSMOFIRST,547.00
VAIBHAVGBL,392.00
BBL,"6,508.90"
FOODSIN,142.80
TITAN,"3,740.00"
GICHSGFIN,218.55
TTML,82.00
TNPETRO,88.95
AVADHSUGAR,588.45
LIKHITHA,253.40
RKFORGE,713.70
ATL,62.00
POLYCAB,"5,300.00"
GULPOLY,179.20
JITFINFRA,600.00
BANKBARODA,276.25
MINDACORP,421.80
M&MFIN,297.55
TRITURBINE,554.00
DELTACORP,124.70
BALKRISIND,"2,334.95"
ALLSEC,743.00
TCS,"3,975.90"
SHRIRAMFIN,"2,574.95"
JAGRAN,111.55
BAJEL,216.50
RATNAVEER,132.70
SAMHI,209.60
RATEGAIN,719.95
APTECHT,244.95
HPAL,105.00
ZEELEARN,7.00
VETO,133.20
CGPOWER,514.00
GAIL,190.45
SJVN,134.30
DCXINDIA,312.50
HTMEDIA,28.50
NAHARINDUS,128.70
LUXIND,"1,188.00"
PGHL,"4,797.00"
MAXESTATES,300.75
CENTUM,"1,762.45"
RAILTEL,394.05
RAIN,172.00
DELTAMAGNT,100.40
EIHOTEL,473.50
JISLJALEQS,57.40
ICICIBANK,"1,084.75"
ICRA,"5,474.80"
REFEX,143.80
LEMONTREE,143.85
SHEMAROO,158.50
CLSEL,230.55
VADILALIND,"4,408.50"
POLICYBZR,"1,199.00"
ASHOKA,173.40
INNOVACAP,478.15
EROSMEDIA,21.75
MOIL,319.65
UPL,480.00
TRENT,"3,950.00"
ASKAUTOLTD,291.45
INOXINDIA,"1,283.00"
BLKASHYAP,72.90
TANLA,935.05
SMLISUZU,"2,074.70"
LGHL,285.00
KPRMILL,856.00
PFOCUS,109.75
ZEEL,153.90
TVSMOTOR,"2,118.85"
CENTURYTEX,"1,686.45"
PAISALO,66.00
BERGEPAINT,564.90
AARTIDRUGS,477.95
JINDWORLD,353.10
HATHWAY,22.10
PFC,420.10
LUMAXTECH,494.10
J&KBANK,140.20
NEWGEN,798.65
ICIL,347.95
ABSLAMC,481.95
TATAMOTORS,"1,016.00"
ITI,275.05
SOLARINDS,"8,834.90"
JINDALSTEL,908.50
ATUL,"6,020.00"
DCMSHRIRAM,918.45
STLTECH,126.95
INDTERRAIN,75.00
LTIM,"4,901.95"
INFY,"1,490.55"
SNOWMAN,75.55
NELCO,772.00
IBREALEST,129.00
AWHCL,508.45
EASEMYTRIP,45.55
IMFA,736.90
YATRA,151.95
CONCOR,920.00
BIOCON,274.40
KIRLOSENG,894.05
SINTERCOM,130.25
NUVOCO,329.90
FORCEMOT,"7,749.00"
RICOAUTO,153.60
BLUEDART,"6,146.90"
RGL,115.45
EVEREADY,339.00
RPGLIFE,"1,562.70"
ASTEC,"1,149.15"
UTTAMSUGAR,350.00
MARKSANS,163.35
PREMEXPLN,"1,595.00"
MARICO,499.25
BAJAJ-AUTO,"9,139.00"
JIOFIN,359.40
NHPC,93.80
MIRZAINT,47.20
GRANULES,456.45
GUFICBIO,307.00
ANANTRAJ,330.95
SIGACHI,71.00
NUVAMA,"4,910.00"
MPHASIS,"2,500.00"
KOKUYOCMLN,126.65
AXISBANK,"1,070.00"
PATELENG,63.50
GSFC,238.20
GALAXYSURF,"2,505.00"
DIVISLAB,"3,708.00"
PARAS,715.35
IRCON,233.90
CASTROLIND,210.50
NESTLEIND,"2,569.80"
MCX,"3,596.05"
SPIC,81.50
DEVYANI,155.10
STAR,842.00
QUICKHEAL,507.00
GRAPHITE,656.00
OMAXAUTO,115.00
RBA,106.95
HEROMOTOCO,"4,585.00"
EIDPARRY,587.50
LICI,"1,003.80"
HIKAL,290.40
GILLETTE,"6,599.00"
HAVELLS,"1,559.90"
BORORENEW,551.00
JLHL,"1,203.05"
DEEPAKFERT,560.00
MEDANTA,"1,346.00"
PURVA,234.55
CCL,595.00
DHANI,41.95
TVSHLTD,"8,402.95"
ECLERX,"2,465.20"
APLAPOLLO,"1,610.00"
BBTCL,270.00
LT,"3,804.90"
JOCIL,187.20
DHAMPURSUG,230.00
FINEORG,"4,285.20"
BAJAJFINSV,"1,650.00"
PEL,864.00
KRYSTAL,839.70
MOLDTKPAC,841.00
HEMIPROP,215.00
RAMKY,619.55
IRBINVIT,68.90
DCMSRIND,189.85
SESHAPAPER,320.00
EICHERMOT,"3,957.00"
IIFLSEC,139.60
BIOFILCHEM,69.90
HAL,"3,609.95"
ROLEXRINGS,"1,864.75"
SWANENERGY,678.00
SHREERAMA,26.45
CMSINFO,415.05
UBL,"1,812.00"
CYIENTDLM,707.65
RAJSREESUG,70.85
ACC,"2,648.90"
SIGNPOST,355.00
CELLO,799.95
NSLNISP,62.35
GODFRYPHLP,"3,315.60"
GLENMARK,999.45
GPTHEALTH,187.45
WORTH,107.20
ZUARIIND,348.40
TECHNOE,826.00
GTPL,180.05
EXIDEIND,315.35
LOKESHMACH,424.00
KTKBANK,234.80
RELIANCE,"2,959.50"
RCF,145.40
CONTROLPR,947.00
SONATSOFTW,750.15
ICICIGI,"1,702.00"
SKIPPER,321.05
MRPL,239.00
APEX,211.50
KIRIINDUS,350.00
AVANTIFEED,516.70
THEMISMED,230.90
MODISONLTD,138.65
ENGINERSIN,222.10
SULA,565.10
UNIDT,241.40
HUHTAMAKI,325.20
MGL,"1,412.95"
BHARATGEAR,111.85
WIPRO,485.80
NIITLTD,112.15
INTELLECT,"1,103.00"
SPANDANA,860.00
ADORWELD,"1,416.65"
GMRINFRA,84.50
GEECEE,272.30
BAGFILMS,9.40
AVROIND,112.80
BFINVEST,573.40
MEDICAMEQ,423.20
CHEMBOND,536.10
CONCORDBIO,"1,517.00"
SHALBY,264.10
AHLEAST,151.00
ZFCVINDIA,"15,100.00"
REPRO,851.20
UNIENTER,142.40
VLSFINANCE,256.40
ABFRL,237.55
GANDHITUBE,770.00
CAPLIPOINT,"1,322.35"
SUKHJITS,475.80
RVNL,266.45
ZOTA,504.60
IFBAGRO,447.50
RAMAPHO,190.50
RACE,324.10
IRCTC,"1,020.00"
GREENPLY,267.00
OIL,639.00
IPCALAB,"1,230.80"
ALEMBICLTD,95.55
OLECTRA,"1,930.75"
CENTRUM,38.25
ATAM,191.30
WESTLIFE,813.40
ASAHISONG,344.70
BIGBLOC,230.30
NAVNETEDUL,144.45
STCINDIA,144.45
SREEL,309.40
KUANTUM,164.45
VIPCLOTHNG,38.75
FAZE3Q,397.25
ROTO,406.95
UNIVPHOTO,368.20
NATHBIOGEN,194.00
FUSION,485.00
INDIANHUME,281.75
GRMOVER,136.75
HNDFDS,508.50
ZIMLAB,97.85
RUBYMILLS,205.60
SBIN,775.00
ADANIENT,"3,250.00"
SUMICHEM,373.35
CANTABIL,216.25
SIS,442.35
BAJAJHCARE,314.95
SALONA,315.00
MEGASTAR,285.50
FCL,383.95
CLEAN,"1,350.00"
AHLADA,118.25
ARE&M,808.05
BHARTIARTL,"1,231.95"
RHIM,601.35
CIPLA,"1,479.00"
PSPPROJECT,740.90
CHAMBLFERT,376.00
VGUARD,337.40
ARIHANTCAP,59.70
CHENNPETRO,956.65
THYROCARE,618.80
TIMETECHNO,269.50
CARERATING,"1,179.45"
MUTHOOTMF,230.00
MASTEK,"2,633.00"
MPSLTD,"1,594.80"
BDL,"1,766.50"
ASHIANA,311.40
SKFINDIA,"4,441.30"
MARUTI,"12,490.00"
LATENTVIEW,542.70
DRREDDY,"6,155.00"
APLLTD,996.00
BPCL,614.00
SUVENPHAR,666.75
BAJAJELEC,970.00
LXCHEM,252.95
KRSNAA,637.55
KKCL,739.55
VOLTAS,"1,226.00"
RELAXO,842.55
SMCGLOBAL,132.10
GODREJIND,802.90
ALKALI,111.90
UNIVASTU,142.90
BHARATWIRE,317.20
BEPL,102.50
BAJFINANCE,"7,345.00"
LAURUSLABS,442.00
UNIPARTS,556.00
ACI,659.00
M&M,"1,999.00"
ERIS,855.25
EMAMIPAP,123.70
EKC,154.65
MOLDTECH,237.15
FDC,444.95
ASALCBR,517.95
SOLARA,414.50
LTFOODS,207.35
JKLAKSHMI,883.60
BBTC,"1,642.50"
LAMBODHARA,156.10
PRIVISCL,"1,062.05"
WELSPUNLIV,156.25
GRSE,887.00
BALRAMCHIN,387.20
RAMRAT,282.85
FOCUS,167.95
BHEL,253.00
HEG,"2,035.95"
CHALET,875.70
PRAJIND,549.75
FILATEX,63.70
SAURASHCEM,116.90
BOROLTD,373.00
DCBBANK,127.90
DEN,53.55
PARAGMILK,216.50
KIRLOSBROS,"1,170.00"
ASIANTILES,65.00
PITTIENG,814.40
NAUKRI,"5,639.95"
MOL,87.10
HESTERBIO,"1,635.00"
INDIAGLYCO,874.85
ADFFOODS,196.85
HARSHA,416.00
SADBHAV,32.85
MIRCELECTR,21.90
SBILIFE,"1,467.50"
DBL,462.00
GLAXO,"1,974.10"
TI,220.60
GNFC,695.00
MANKIND,"2,374.50"
RTNINDIA,78.00
COFFEEDAY,56.05
CARBORUNIV,"1,331.95"
SUPERHOUSE,215.00
RAJESHEXPO,295.00
ANGELONE,"3,185.30"
BARBEQUE,546.10
MAXHEALTH,822.80
NOCIL,276.40
SHREECEM,"26,469.00"
OPTIEMUS,277.55
DHARMAJ,242.95
HEIDELBERG,208.40
EVERESTIND,"1,112.90"
APCOTEXIND,465.00
JAYAGROGN,233.95
CROMPTON,282.00
PETRONET,284.05
UFLEX,453.10
STYLAMIND,"1,657.95"
MSTCLTD,938.00
ALKEM,"4,915.00"
BLAL,266.00
EQUITASBNK,97.45
SUNDRMFAST,"1,088.95"
VOLTAMP,"9,829.00"
LODHA,"1,120.00"
NAZARA,701.60
TEXRAIL,172.40
COLPAL,"2,811.65"
GATEWAY,111.10
INDSWFTLAB,111.35
SCHAND,248.60
CIEINDIA,487.00
HCG,350.50
SUNTECK,439.05
APTUS,339.25
UNOMINDA,700.00
ABCAPITAL,205.00
MANGLMCEM,758.00
TECHM,"1,260.00"
AMNPLST,181.95
ASTRAMICRO,640.00
PGEL,"1,835.05"
ENIL,277.00
BECTORFOOD,"1,134.95"
GARFIBRES,"3,370.00"
GRINDWELL,"2,043.35"
ORIENTHOT,133.70
NORBTEAEXP,13.50
TIPSINDLTD,473.65
KESORAMIND,176.30
PPLPHARMA,135.75
SAKUMA,27.15
DCAL,244.95
PHOENIXLTD,"2,878.10"
PAYTM,412.40
KABRAEXTRU,330.00
MEDPLUS,693.10
REDINGTON,222.85
LAXMIMACH,"17,450.00"
GRINFRA,"1,377.90"
TVSSRICHAK,"3,998.00"
VINDHYATEL,"2,550.00"
NITINSPIN,354.85
ALICON,858.10
INDUSINDBK,"1,548.05"
JSWHL,"7,331.00"
AVALON,519.90
TAJGVK,390.50
PARADEEP,72.55
RUPA,261.95
TNPL,265.00
OSWALAGRO,44.25
SYNGENE,723.80
BIKAJI,533.25
FMGOETZE,356.90
TEXINFRA,104.40
KRBL,314.20
SSWL,239.95
WINDLAS,560.55
KEI,"3,477.80"
TVTODAY,229.95
VPRPL,169.25
BROOKS,108.00
PANACEABIO,139.00
HCLTECH,"1,540.80"
EMKAY,124.80
ABBOTINDIA,"26,799.90"
SHIVATEX,157.50
RADICO,"1,688.00"
SDBL,287.20
GUJGASLTD,546.05
RAMCOSYS,289.90
JKIL,645.80
BCONCEPTS,721.00
MASFIN,295.05
ORIENTELEC,213.95
NAHARSPING,296.65
SJS,620.05
DEEM,117.90
ROXHITECH,118.00
NESCO,850.00
ESCORTS,"3,015.15"
DEEPAKNTR,"2,189.95"
RAMCOIND,225.00
MAYURUNIQ,485.00
SIRCA,347.15
SHARDACROP,365.00
PIDILITIND,"3,011.55"
UCAL,158.00
TORNTPOWER,"1,485.00"
ANDHRAPAP,514.00
SUPREMEIND,"4,208.00"
BEML,"3,264.95"
TIINDIA,"3,708.40"
HDFCAMC,"3,754.00"
LINC,553.00
JUBLINGREA,461.65
360ONE,723.30
CONFIPET,93.60
PHANTOMFX,469.80
CHEVIOT,"1,324.00"
SRF,"2,629.95"
IFBIND,"1,550.00"
CARTRADE,723.05
PRUDENT,"1,325.05"
PPL,396.70
WALCHANNAG,219.95
FSL,202.55
ROSSELLIND,412.70
MCDOWELL-N,"1,133.00"
RALLIS,274.55
AARTISURF,616.90
RKSWAMY,276.95
ITDCEM,342.10
HILTON,129.00
VIPIND,540.05
BASML,44.00
TOKYOPLAST,111.60
LUPIN,"1,609.00"
SECURCRED,22.85
SRHHYPOLTD,574.65
RELIGARE,230.00
AUTOAXLES,"1,820.00"
HINDUNILVR,"2,270.00"
NATCOPHARM,"1,000.20"
UNIVCABLES,479.55
ORIENTCEM,219.50
MBAPL,244.00
COASTCORP,245.20
KIRLPNU,694.45
SAPPHIRE,"1,514.05"
AJANTPHARM,"2,260.00"
NIITMTS,522.00
VENKEYS,"1,678.05"
BASF,"3,561.20"
ARMANFIN,"2,031.90"
UTKARSHBNK,51.70
BAYERCROP,"5,469.00"
POWERMECH,"5,270.05"
KAJARIACER,"1,275.00"
REDTAPE,677.20
KFINTECH,634.00
GPIL,750.00
GRASIM,"2,309.50"
JSFB,433.00
GOKEX,779.70
IOC,174.00
SHALPAINTS,174.05
SPECIALITY,205.30
ICEMAKE,504.80
JTEKTINDIA,182.50
NAM-INDIA,505.50
AARVI,126.85
ORISSAMINE,"6,370.00"
RAYMOND,"1,923.50"
BIRLACABLE,257.80
RSWM,193.50
NH,"1,292.50"
MRF,"1,36,398.00"
NYKAA,165.00
AXISCADES,635.10
USHAMART,335.75
MAZDOCK,"2,240.00"
SPENCERS,103.05
HDFCLIFE,625.00
GRAVITA,"1,082.00"
WELCORP,562.30
TATACOMM,"2,057.00"
CHEMCON,254.45
SOFTTECH,329.95
KAYA,330.10
BANCOINDIA,635.10
PIIND,"3,901.80"
DELHIVERY,450.70
VRLLOG,568.00
COCHINSHIP,"1,076.00"
SAKAR,373.00
HGINFRA,"1,085.00"
ACCELYA,"1,850.15"
POLYPLEX,883.95
GLOBUSSPR,761.50
TEGA,"1,341.80"
KSL,924.95
TTKPRESTIG,710.95
3IINFOLTD,44.75
JSWENERGY,582.00
BRITANNIA,"4,839.95"
WABAG,789.05
EXXARO,94.05
ZENSARTECH,620.00
JUBLFOOD,460.70
SHILPAMED,512.95
MHRIL,414.95
HINDPETRO,475.00
SUNDARMFIN,"4,203.00"
OBCL,54.00
KANSAINER,283.00
KAYNES,"2,710.00"
ITC,425.55
RESPONIND,306.00
ALPHAGEO,373.00
LAOPALA,335.50
DOLLAR,546.05
TEJASNET,754.75
RUSTOMJEE,648.00
KSCL,648.00
EMAMILTD,438.60
STOVEKRAFT,451.00
FLUOROCHEM,"3,178.00"
FIEMIND,"1,140.00"
KSOLVES,"1,150.00"
SUNPHARMA,"1,620.90"
SIGNATURE,"1,313.95"
SOTL,483.10
RITCO,248.00
TRIVENI,336.90
MAZDA,"1,341.00"
OCCL,719.00
SHREEPUSHK,182.50
PARKHOTELS,207.00
JTLIND,209.00
GNA,420.40
INDIGOPNTS,"1,393.00"
VISHNU,331.00
IGL,441.55
MANGCHEFER,112.55
ZODIACLOTH,118.65
MOTHERSON,120.45
SHRIRAMPPS,122.65
TIRUMALCHM,248.00
ENTERO,997.20
MENONBE,127.85
KAPSTON,262.10
PENIND,137.80
FAIRCHEMOR,"1,300.00"
HUBTOWN,145.50
OBEROIRLTY,"1,526.45"
RSYSTEMS,471.30
RAJRATAN,646.90
PANAMAPET,346.00
ADVENZYMES,365.00
CUMMINSIND,"3,050.00"
KALAMANDIR,205.55
INDIAMART,"2,611.00"
ASIANPAINT,"2,870.00"
VIDHIING,460.20
KOLTEPATIL,480.00
SHREYANIND,241.95
PGINVIT,97.70
TTKHLTCARE,"1,590.00"
COROMANDEL,"1,145.00"
ARVSMART,720.60
SIEMENS,"5,646.05"
CEATLTD,"2,656.05"
RAMCOCEM,855.75
CAMS,"3,149.35"
AIAENG,"3,985.00"
WHEELS,604.15
AMRUTANJAN,649.15
DIXON,"7,700.00"
EXCELINDUS,855.00
THEJO,"2,746.00"
MAPMYINDIA,"1,898.00"
VESUVIUS,"3,448.35"
BOHRAIND,19.00
UTIAMC,865.15
ATFL,710.90
ORIENTCER,52.15
DEEPINDS,309.10
NAVKARCORP,105.40
INDNIPPON,723.10
SUPRAJIT,422.95
HERCULES,564.75
MONTECARLO,648.25
SUTLEJTEX,59.60
VIKASECO,4.25
HATSUN,"1,046.35"
SITINET,0.70
VALIANTLAB,156.85
THEINVEST,137.05
YASHO,"1,869.40"
GOPAL,353.45
MODIRUBBER,89.05
VISESHINFO,0.50
DLINKINDIA,298.60
LGBBROSLTD,"1,267.10"
EMUDHRA,698.80
FINOPB,303.55
POLYMED,"1,575.60"
HBSL,87.20
TALBROAUTO,270.30
ICDSLTD,44.10
SAGARDEEP,25.95
KRITIKA,16.20
NACLIND,62.75
STEELCAS,653.45
CREATIVE,747.70
DGCONTENT,22.00
NRBBEARING,295.05
VSTIND,"3,630.30"
EXCEL,0.55
SUDARSCHEM,683.55
TNTELE,10.45
SHRENIK,1.00
SRPL,1.20
MANINDS,404.20
SCILAL,-
RRKABEL,"1,563.00"
AUSOMENT,97.85
GSPL,367.25
DHUNINV,"1,246.75"
SHAH,3.50
ZYDUSWELL,"1,550.45"
HINDWAREAP,403.30
CTE,89.45
PRICOLLTD,403.00
SANDHAR,526.05
SHAHALLOYS,64.95
HIMATSEIDE,142.70
DIVGIITTS,805.50
VIKASLIFE,5.30
TPHQ,1.30
MMFL,890.55
PGHH,"16,395.70"
DABUR,531.00
ROLLT,-
GLOBALVECT,133.25
SHREYAS,294.15
VIVIDHA,1.15
CAMLINFINE,100.70
BAJAJHLDNG,"8,358.15"
HONASA,410.40
CERA,"7,626.00"
KAUSHALYA,665.30
EUROTEXIND,15.40
NTL,-
HONAUT,"40,559.45"
AARTIIND,693.95
PNBHOUSING,735.00
SOBHA,"1,569.05"
DYNPRO,294.00
EMMBI,102.30
ORIENTBELL,355.25
SADHNANIQ,72.00
SPLIL,63.15
GOENKA,0.85
GEOJITFSL,78.00
DEEPENR,186.25
CAPITALSFB,363.60
INFOBEAN,402.55
STERTOOLS,351.30
BOSCHLTD,"30,815.65"
FEL,0.75
VHL,"3,035.75"
JBCHEPHARM,"1,684.25"
DODLA,858.40
INDIASHLTR,606.05
NINSYS,492.85
BSHSL,242.05
SHK,216.90
ETHOSLTD,"2,528.10"
EPIGRAL,"1,360.00"
CREDITACC,"1,421.00"
AUROPHARMA,"1,137.10"
BTML,180.10
BOMDYEING,175.00
PKTEA,331.00
ZYDUSLIFE,987.10
JSL,712.90
INDOCO,343.00
TRIL,437.00
SCHAEFFLER,"3,219.05"
LUMAXIND,"2,481.00"
ICICIPRULI,620.05
PRESTIGE,"1,299.95"
TCNSBRANDS,397.10
MATRIMONY,544.00
JUNIPER,498.00
ASHOKLEY,174.00
POWERINDIA,"6,915.05"
NEULANDLAB,"6,456.00"
LOTUSEYE,62.00
VENUSREM,353.00
SILGO,29.30
PAGEIND,"34,735.00"
PAR,228.50
GTECJAINX,82.80
JINDALPOLY,537.55
GOODLUCK,984.00
NILKAMAL,"1,761.15"
LINDEINDIA,"7,210.00"
ANURAS,897.50
SWARAJENG,"2,370.05"
SHANTIGEAR,553.10
TIMKEN,"2,975.00"
MITCON,127.00
INDIGRID,133.01
GHCLTEXTIL,80.10
TCI,857.85
TDPOWERSYS,305.00
SAFARI,"1,853.45"
RKEC,103.25
KOHINOOR,43.15
ROUTE,"1,611.10"
PRECAM,221.85
EMIL,207.75
HAPPYFORGE,928.00
SHOPERSTOP,771.55
BBOX,255.95
MARATHON,493.25
VIJAYA,646.00
GMDCLTD,389.75
JCHAC,"1,192.05"
MAHSEAMLES,915.10
INDHOTEL,611.30
TOUCHWOOD,150.00
SUVEN,106.20
KHAICHEM,73.30
MEDIASSIST,493.70
BANSWRAS,150.00
PFIZER,"4,341.00"
KCP,188.10
KRITI,140.00
ADL,85.60
BSL,178.10
JUBLINDS,"1,220.00"
CGCL,236.90
GOCOLORS,"1,200.00"
VR,116.20
YATHARTH,446.05
INDIANCARD,264.00
SMARTLINK,174.00
SPORTKING,820.00
ORCHPHARMA,"1,095.00"
SALZERELEC,852.00
WOCKPHARMA,583.00
SANGAMIND,457.65
ASAHIINDIA,555.00
DMCC,300.30
TTL,110.00
INSECTICID,535.00
SHANKARA,719.25
BALPHARMA,99.20
ALMONDZ,112.00
KRISHANA,241.70
PREMIERPOL,195.00
SOMATEX,33.20
HEADSUP,16.55
BALAXI,572.10
TEAMLEASE,"2,959.20"
MAXIND,208.00
CIGNITITEC,"1,286.00"
TRU,71.35
URAVI,322.60
SHRADHA,66.00
LIBERTSHOE,287.80
BIL,388.75
DBCORP,285.00
INTENTECH,120.50
PANACHE,77.35
JFLLIFE,43.00
IITL,195.55
OMAXE,101.00
RAMASTEEL,13.50
THOMASCOTT,295.00
HOMESFY,520.00
UMAEXPORTS,87.20
PRAXIS,22.50
RANEENGINE,336.00
VERTOZ,755.00
NAMAN,108.65
SUMEETINDS,2.50
MEP,11.15
MANUGRAPH,22.20
AKI,21.20
ABMINTLLTD,58.15
FLEXITUFF,39.75
RELIABLE,59.00
ASHAPURMIN,327.40
ONELIFECAP,28.55
KDL,873.75
BLBLIMITED,26.50
BALKRI-RE,1.85
